"Member ID","163145"
"Legacy Account ID",""
"Business Name","Travel Video Store"
"Address","5420 Boran Dr"
"","Tampa FL  33610"
"","United States"
"Date for Report","00:23 PST Jan  5 2015 "
"Date Range","12/01/14 to 01/01/15"
""
""
"Sales Channel","Sales Date","External SKU","UPC/EAN","TitleID","Title","Units","HAP/Sales Price","HAP/Sales Price Total","Extended Price %","Extended Price per Unit","Extended Price Total","Cost per Unit","Cost Total","Publisher Compensation per Unit","Publisher Compensation Total"
"Amazon UK Retail","29/12/2014","TVSDVD0836","879061000836","221248","Growing Good Roses","1","11.99","11.99","50%","5.99","5.99","0.00","0.00","5.99","5.99"
"Amazon UK Retail","28/12/2014","BSPDVD306","879061000362","221377","Weekend Explorer  Cape Cod, Massachusetts","1","8.99","8.99","50%","4.49","4.49","0.00","0.00","4.49","4.49"
"Amazon UK Retail","13/12/2014","BNTDVDFTF01","503271101556","221485","The North Yorkshire Moors Railway From The Footplate [PAL]","1","9.99","9.99","50%","4.99","4.99","0.00","0.00","4.99","4.99"
"Amazon UK Retail","18/12/2014","ITFDVD112","883629210315","228845","A Doug Jones Travelog The Great Canadian Train Ride","1","11.99","11.99","50%","5.99","5.99","0.00","0.00","5.99","5.99"
"Amazon UK Retail","08/12/2014","7DYDVD152","883629281285","236265","7 Days  CALIFORNIA U.S.A.","1","11.99","11.99","50%","5.99","5.99","0.00","0.00","5.99","5.99"
"Amazon UK Retail","16/12/2014","7DYDVD126","883629281582","236295","7 Days  NAMIBIA","1","11.99","11.99","50%","5.99","5.99","0.00","0.00","5.99","5.99"
"Amazon UK Retail","07/12/2014","7DYDVD114","883629281704","236307","7 Days  SOUTH AFRICA","1","11.99","11.99","50%","5.99","5.99","0.00","0.00","5.99","5.99"
"Amazon UK Retail","01/12/2014","CDGDVD102","883629300429","236364","Cosmos Global Documentaries  HADENDOA","1","11.99","11.99","50%","5.99","5.99","0.00","0.00","5.99","5.99"
"Amazon UK Retail","14/12/2014","CDGDVD141","883629282299","236371","Cosmos Global Documentaries  MEKONG The Three Ancient Kingdoms Of Cambodia, Thailand & Vietnam","1","11.99","11.99","50%","5.99","5.99","0.00","0.00","5.99","5.99"
"Amazon UK Retail","01/12/2014","CDGDVD143","883629300771","236397","Cosmos Global Documentaries IN THE LAND OF THE RISING DRAGON Vietnam","1","11.99","11.99","50%","5.99","5.99","0.00","0.00","5.99","5.99"
"Amazon UK Retail","16/12/2014","GAPDVD017470","883629300689","236406","Didyma [PAL]","1","11.99","11.99","50%","5.99","5.99","0.00","0.00","5.99","5.99"
"Amazon UK Retail","29/12/2014","GOWDVD119","883629301471","236464","Gardens of the World  JARDIN ANDALUZ","1","11.99","11.99","50%","5.99","5.99","0.00","0.00","5.99","5.99"
"Amazon UK Retail","29/12/2014","GOWDVD104","883629301419","236470","Gardens of the World  THE EXOTIC GARDENS OF CORNWALL","1","11.99","11.99","50%","5.99","5.99","0.00","0.00","5.99","5.99"
"Amazon UK Retail","11/12/2014","GOWDVD106","883629301402","236471","Gardens of the World  THE NATIONAL BOTANICAL GARDEN OF BRUSSELS","1","11.99","11.99","50%","5.99","5.99","0.00","0.00","5.99","5.99"
"Amazon UK Retail","09/12/2014","GTRDVD1080","883629292441","236477","Global Treasures  ABU SIMBEL Egypt","1","8.99","8.99","50%","4.49","4.49","0.00","0.00","4.49","4.49"
"Amazon UK Retail","08/12/2014","GTRDVD1149","883629292274","236490","Global Treasures  ANGKOR WAT Cambodia","1","8.99","8.99","50%","4.49","4.49","0.00","0.00","4.49","4.49"
"Amazon UK Retail","08/12/2014","OEBDVD207","886470670789","344822","Outdoors with Eddie Brochin Eye in the Sky Hunting for rabbits with Chase the Red-Tailed Hawk","1","8.99","8.99","50%","4.49","4.49","0.00","0.00","4.49","4.49"
"Amazon UK Retail","08/12/2014","UOTVDVD1014","886470670932","344838","Ultimate Outdoors with Eddie Brochin The Plantation Falconry Hunting Excursion","1","8.99","8.99","50%","4.49","4.49","0.00","0.00","4.49","4.49"
"Amazon UK Retail","01/12/2014","GTRDVD1109","883629297828","236593","Global Treasures  LAKE TITICACA Lago Titicaca Peru","1","8.99","8.99","50%","4.49","4.49","0.00","0.00","4.49","4.49"
"Amazon UK Retail","08/12/2014","NPMDVD130","883629303567","236795","Nature Parks  KNYSNA Garden Of Eden South Africa","1","11.99","11.99","50%","5.99","5.99","0.00","0.00","5.99","5.99"
"Amazon UK Retail","06/12/2014","NPMDVD112","883629303550","236796","Nature Parks  KRUGER NATIONAL PARK South Africa","1","11.99","11.99","50%","5.99","5.99","0.00","0.00","5.99","5.99"
"Amazon UK Retail","04/12/2014","NPMDVD112","883629303550","236796","Nature Parks  KRUGER NATIONAL PARK South Africa","1","11.99","11.99","50%","5.99","5.99","0.00","0.00","5.99","5.99"
"Amazon UK Retail","19/12/2014","NPMDVD107","883629303505","236799","Nature Parks  MASSAI MARA Kenya","1","11.99","11.99","50%","5.99","5.99","0.00","0.00","5.99","5.99"
"Amazon UK Retail","16/12/2014","7154","883629303369","236812","Nature Parks  SERENGETI & NGORONGORO Tanzania","1","11.99","11.99","50%","5.99","5.99","0.00","0.00","5.99","5.99"
"Amazon UK Retail","21/12/2014","NPMDVD128","883629303321","236816","Nature Parks  YELLOWSTONE NATIONAL PARK Wyoming","1","11.99","11.99","50%","5.99","5.99","0.00","0.00","5.99","5.99"
"Amazon UK Retail","14/12/2014","AIEDVDVOL5","883629515205","247435","Adventures in Europe  Vol 5 Amsterdam Pride","1","8.99","8.99","50%","4.49","4.49","0.00","0.00","4.49","4.49"
"Amazon UK Retail","01/12/2014","C3DVDSAF","883629515229","247437","Safari Kenya","1","11.99","11.99","50%","5.99","5.99","0.00","0.00","5.99","5.99"
"Amazon UK Retail","22/12/2014","GRKDVDNWA","883629515304","247445","Dive Travel Northwest Australia A Helicopter Diving Adventure","1","11.99","11.99","50%","5.99","5.99","0.00","0.00","5.99","5.99"
"Amazon UK Retail","04/12/2014","JPPDVD028","883629515359","247450","Canadian Rockies: Highlights","1","11.99","11.99","50%","5.99","5.99","0.00","0.00","5.99","5.99"
"Amazon UK Retail","07/12/2014","JPPDVD028","883629515359","247450","Canadian Rockies: Highlights","1","11.99","11.99","50%","5.99","5.99","0.00","0.00","5.99","5.99"
"Amazon UK Retail","29/12/2014","JPPDVD032","883629515366","247451","Vancouver","1","11.99","11.99","50%","5.99","5.99","0.00","0.00","5.99","5.99"
"Amazon UK Retail","07/12/2014","JPPDVD036","883629515373","247452","Victoria & Vancouver Island","1","11.99","11.99","50%","5.99","5.99","0.00","0.00","5.99","5.99"
"Amazon UK Retail","29/12/2014","JPPDVD038","883629515397","247454","Vancouver Island","1","17.97","17.97","50%","8.98","8.98","0.00","0.00","8.98","8.98"
"Amazon UK Retail","10/12/2014","BNTDVDBATTLE","883629562629","250307","The Battle of Britain Memorial Flight 'Lest We Forget'","1","9.99","9.99","50%","4.99","4.99","0.00","0.00","4.99","4.99"
"Amazon UK Retail","08/12/2014","CVMPDVD1582","883629562711","250316","Yorkshire Dales A Landscape of Longing [PAL]","1","11.99","11.99","50%","5.99","5.99","0.00","0.00","5.99","5.99"
"Amazon UK Retail","17/12/2014","CTCDVD49465","883629597072","252997","World's Greatest Festivals  The Ultimate Guide to New York Fashion Week","1","8.99","8.99","50%","4.49","4.49","0.00","0.00","4.49","4.49"
"Amazon UK Retail","04/12/2014","CTCDVD49466","883629597133","253003","World's Greatest Festivals  The Ultimate Guide to the Sturgis Motorcycle Rally","1","8.99","8.99","50%","4.49","4.49","0.00","0.00","4.49","4.49"
"Amazon UK Retail","17/12/2014","GSEDVDHIMA","883629597331","253023","Himalayan Journeys in Nepal and Ladakh","1","14.99","14.99","50%","7.49","7.49","0.00","0.00","7.49","7.49"
"Amazon UK Retail","11/12/2014","DAVDVDBC","883629597713","253061","Destination British Columbia","1","11.99","11.99","50%","5.99","5.99","0.00","0.00","5.99","5.99"
"Amazon UK Retail","02/12/2014","DAVDVDCA","883629597720","253062","Destination California","1","11.99","11.99","50%","5.99","5.99","0.00","0.00","5.99","5.99"
"Amazon UK Retail","03/12/2014","DAVDVDCA","883629597720","253062","Destination California","1","11.99","11.99","50%","5.99","5.99","0.00","0.00","5.99","5.99"
"Amazon UK Retail","13/12/2014","DAVDVDCA","883629597720","253062","Destination California","1","11.99","11.99","50%","5.99","5.99","0.00","0.00","5.99","5.99"
"Amazon UK Retail","15/12/2014","DAVDVDCA","883629597720","253062","Destination California","1","11.99","11.99","50%","5.99","5.99","0.00","0.00","5.99","5.99"
"Amazon UK Retail","19/12/2014","DAVDVDCA","883629597720","253062","Destination California","1","11.99","11.99","50%","5.99","5.99","0.00","0.00","5.99","5.99"
"Amazon UK Retail","30/12/2014","DAVDVDCAN","883629597751","253065","Destination Canada","1","11.99","11.99","50%","5.99","5.99","0.00","0.00","5.99","5.99"
"Amazon UK Retail","11/12/2014","ABCDPDVDHAW","883629597942","253085","Hawaii [PAL]","1","11.99","11.99","50%","5.99","5.99","0.00","0.00","5.99","5.99"
"Amazon UK Retail","23/12/2014","ABCDPDVDWESTUSA","883629597973","253088","The West Of The USA [PAL]","1","11.99","11.99","50%","5.99","5.99","0.00","0.00","5.99","5.99"
"Amazon UK Retail","15/12/2014","ABCDPDVDWESTUSA","883629597973","253088","The West Of The USA [PAL]","1","11.99","11.99","50%","5.99","5.99","0.00","0.00","5.99","5.99"
"Amazon UK Retail","08/12/2014","BNTPDVDNS3","883629688923","258443","Northern Skies 3 Nine Spectacular Aerial Joureys across Yorkshire, Cumbria and The North East [PAL]","1","17.97","17.97","50%","8.98","8.98","0.00","0.00","8.98","8.98"
"Amazon UK Retail","17/12/2014","DAVDVDFIRE","883629689005","258451","Fireplace In A Box","1","11.99","11.99","50%","5.99","5.99","0.00","0.00","5.99","5.99"
"Amazon UK Retail","05/12/2014","VPGDVD240","883629689791","258530","Vista Point  KOLKATA - Calcutta, India","1","11.99","11.99","50%","5.99","5.99","0.00","0.00","5.99","5.99"
"Amazon UK Retail","17/12/2014","BNTPDVDSCF01","883629692531","258668","Dickie Bird At The World's Greatest Festival In Scarborough [PAL]","1","9.99","9.99","50%","4.99","4.99","0.00","0.00","4.99","4.99"
"Amazon UK Retail","01/12/2014","BNTPDVDSCF01","883629692531","258668","Dickie Bird At The World's Greatest Festival In Scarborough [PAL]","1","9.99","9.99","50%","4.99","4.99","0.00","0.00","4.99","4.99"
"Amazon UK Retail","17/12/2014","BAYDVD43226","883629692623","258677","City Tour West Los Angeles, Las Vegas and San Francisco","1","7.99","7.99","50%","3.99","3.99","0.00","0.00","3.99","3.99"
"Amazon UK Retail","19/12/2014","236715","883629957173","266426","Global Treasures  UDAIPUR India (NTSC)","1","7.41","7.41","50%","3.70","3.70","0.00","0.00","3.70","3.70"
"Amazon UK Retail","09/12/2014","236919","883629957456","266454","On Tour...  HURTIGRUTEN Amazing Voyage Along The Norwegian Coast (NTSC)","1","7.41","7.41","50%","3.70","3.70","0.00","0.00","3.70","3.70"
"Amazon UK Retail","15/12/2014","236397","883629957463","266455","Cosmos Global Documentaries IN THE LAND OF THE RISING DRAGON Vietnam (NTSC)","1","7.41","7.41","50%","3.70","3.70","0.00","0.00","3.70","3.70"
"Amazon UK Retail","07/12/2014","236354","883629957470","266456","Cosmos Global Documentaries  CEYLON (NTSC)","1","7.41","7.41","50%","3.70","3.70","0.00","0.00","3.70","3.70"
"Amazon UK Retail","01/12/2014","221094","883629957555","266464","A Doug Jones Travelog QE2 Sails New Zealand & Australia (NTSC)","1","7.41","7.41","50%","3.70","3.70","0.00","0.00","3.70","3.70"
"Amazon UK Retail","18/12/2014","221094","883629957555","266464","A Doug Jones Travelog QE2 Sails New Zealand & Australia (NTSC)","1","7.41","7.41","50%","3.70","3.70","0.00","0.00","3.70","3.70"
"Amazon UK Retail","01/12/2014","221095","883629957562","266465","A Doug Jones Travelog The Great World Cruise of the QE2 (NTSC)","1","7.41","7.41","50%","3.70","3.70","0.00","0.00","3.70","3.70"
"Amazon UK Retail","16/12/2014","237000","883629957630","266472","The Other side of Mexico (NTSC)","1","7.41","7.41","50%","3.70","3.70","0.00","0.00","3.70","3.70"
"Amazon UK Retail","15/12/2014","247441","883629957654","266474","Dreamspeaker Destinations Coastal Magic Sailing British Columbia (NTSC)","1","7.41","7.41","50%","3.70","3.70","0.00","0.00","3.70","3.70"
"Amazon UK Retail","08/12/2014","250314","883629957661","266475","Picture Postcard Yorkshire Volume One (NTSC)","1","7.41","7.41","50%","3.70","3.70","0.00","0.00","3.70","3.70"
"Amazon UK Retail","11/12/2014","250314","883629957661","266475","Picture Postcard Yorkshire Volume One (NTSC)","1","7.41","7.41","50%","3.70","3.70","0.00","0.00","3.70","3.70"
"Amazon UK Retail","17/12/2014","237090","883629957791","266488","Vista Point  NICE France (NTSC)","1","7.41","7.41","50%","3.70","3.70","0.00","0.00","3.70","3.70"
"Amazon UK Retail","08/12/2014","237090","883629957791","266488","Vista Point  NICE France (NTSC)","1","7.41","7.41","50%","3.70","3.70","0.00","0.00","3.70","3.70"
"Amazon UK Retail","08/12/2014","236931","883629957838","266492","On Tour...  NILE CRUISE Rendezvous With The Pharaohs (NTSC)","1","7.41","7.41","50%","3.70","3.70","0.00","0.00","3.70","3.70"
"Amazon UK Retail","14/12/2014","236931","883629957838","266492","On Tour...  NILE CRUISE Rendezvous With The Pharaohs (NTSC)","1","7.41","7.41","50%","3.70","3.70","0.00","0.00","3.70","3.70"
"Amazon UK Retail","13/12/2014","236298","883629957869","266495","7 Days  NEW ENGLAND (NTSC)","1","7.41","7.41","50%","3.70","3.70","0.00","0.00","3.70","3.70"
"Amazon UK Retail","18/12/2014","236363","883629957883","266497","Cosmos Global Documentaries  GREAT CATHEDRALS OF THE WORLD (NTSC)","1","7.41","7.41","50%","3.70","3.70","0.00","0.00","3.70","3.70"
"Amazon UK Retail","03/12/2014","236318","883629958149","266523","7 Days  UNITED ARAB EMIRATES (NTSC)","1","7.41","7.41","50%","3.70","3.70","0.00","0.00","3.70","3.70"
"Amazon UK Retail","28/12/2014","236742","883629958354","266544","Jewish Heritage Sites in Prague, Bohemia and Moravia (NTSC)","1","7.41","7.41","50%","3.70","3.70","0.00","0.00","3.70","3.70"
"Amazon UK Retail","26/12/2014","237075","883629958385","266547","Vista Point  MACAU China (NTSC)","1","7.41","7.41","50%","3.70","3.70","0.00","0.00","3.70","3.70"
"Amazon UK Retail","23/12/2014","236463","883629958453","266554","Gardens of the World  HOLLAND'S TULIP GARDENS (NTSC)","1","7.41","7.41","50%","3.70","3.70","0.00","0.00","3.70","3.70"
"Amazon UK Retail","28/12/2014","236786","883629958460","266555","Nature Parks  ETOSHA Namibia (NTSC)","1","7.41","7.41","50%","3.70","3.70","0.00","0.00","3.70","3.70"
"Amazon UK Retail","20/12/2014","244892","883629958538","266562","GlobeRiders  Silk Road Adventure - A Motorcycle Journey Istanbul, Turkey to Xian, China (NTSC)","1","7.41","7.41","50%","3.70","3.70","0.00","0.00","3.70","3.70"
"Amazon UK Retail","01/12/2014","244892","883629958538","266562","GlobeRiders  Silk Road Adventure - A Motorcycle Journey Istanbul, Turkey to Xian, China (NTSC)","1","7.41","7.41","50%","3.70","3.70","0.00","0.00","3.70","3.70"
"Amazon UK Retail","04/12/2014","244892","883629958538","266562","GlobeRiders  Silk Road Adventure - A Motorcycle Journey Istanbul, Turkey to Xian, China (NTSC)","1","7.41","7.41","50%","3.70","3.70","0.00","0.00","3.70","3.70"
"Amazon UK Retail","15/12/2014","244892","883629958538","266562","GlobeRiders  Silk Road Adventure - A Motorcycle Journey Istanbul, Turkey to Xian, China (NTSC)","1","7.41","7.41","50%","3.70","3.70","0.00","0.00","3.70","3.70"
"Amazon UK Retail","18/12/2014","244892","883629958538","266562","GlobeRiders  Silk Road Adventure - A Motorcycle Journey Istanbul, Turkey to Xian, China (NTSC)","2","7.41","14.82","50%","3.70","7.40","0.00","0.00","3.70","7.40"
"Amazon UK Retail","07/12/2014","214874","883629958569","266565","Cairns The Gem of The Tropics (NTSC)","1","7.41","7.41","50%","3.70","3.70","0.00","0.00","3.70","3.70"
"Amazon UK Retail","18/12/2014","236448","883629958798","266588","Florida Vacation & Travel Video (NTSC)","1","7.41","7.41","50%","3.70","3.70","0.00","0.00","3.70","3.70"
"Amazon UK Retail","09/12/2014","","883629729862","270142","Egyptmania The Egyptian Museum in Cairo (PAL)","1","11.99","11.99","50%","5.99","5.99","0.00","0.00","5.99","5.99"
"Amazon UK Retail","14/12/2014","","883629729879","270315","Legacy of Ancient Civilizations Ancient Arabia (PAL)","1","8.99","8.99","50%","4.49","4.49","0.00","0.00","4.49","4.49"
"Amazon UK Retail","14/12/2014","","883629733265","270638","Legacy of Ancient Civilizations Carthage and the Phoenicians (PAL)","2","8.99","17.98","50%","4.49","8.98","0.00","0.00","4.49","8.98"
"Amazon UK Retail","05/12/2014","7DYDVD171","885444187278","277780","7 Days Patagonia","1","11.99","11.99","50%","5.99","5.99","0.00","0.00","5.99","5.99"
"Amazon UK Retail","06/12/2014","","885444208034","278460","Wild Alaska","1","11.99","11.99","50%","5.99","5.99","0.00","0.00","5.99","5.99"
"Amazon UK Retail","05/12/2014","","885444210600","278513","Barbados Island in the Sun","1","11.99","11.99","50%","5.99","5.99","0.00","0.00","5.99","5.99"
"Amazon UK Retail","28/12/2014","JDPDVDALWAYS","885444217807","279068","Acadia Always The Story of Acadia National Park","1","11.99","11.99","50%","5.99","5.99","0.00","0.00","5.99","5.99"
"Amazon UK Retail","30/12/2014","JDPDVDMEAC","885444217852","279073","Maine America's Coast","1","11.99","11.99","50%","5.99","5.99","0.00","0.00","5.99","5.99"
"Amazon UK Retail","10/12/2014","261158","885444254871","280342","Iceland's Favourite Places Reykjavik & The Golden Circle (NTSC)","1","7.41","7.41","50%","3.70","3.70","0.00","0.00","3.70","3.70"
"Amazon UK Retail","07/12/2014","261158","885444254871","280342","Iceland's Favourite Places Reykjavik & The Golden Circle (NTSC)","1","7.41","7.41","50%","3.70","3.70","0.00","0.00","3.70","3.70"
"Amazon UK Retail","10/12/2014","261404","885444254901","280345","Mysterious World of the Inca[NON-US FORMAT, PAL]","1","7.41","7.41","50%","3.70","3.70","0.00","0.00","3.70","3.70"
"Amazon UK Retail","08/12/2014","270832","885444255731","280428","Vietnam A Land of Surprises (NTSC)","1","7.41","7.41","50%","3.70","3.70","0.00","0.00","3.70","3.70"
"Amazon UK Retail","01/12/2014","270832","885444255731","280428","Vietnam A Land of Surprises (NTSC)","1","7.41","7.41","50%","3.70","3.70","0.00","0.00","3.70","3.70"
"Amazon UK Retail","03/12/2014","270832","885444255731","280428","Vietnam A Land of Surprises (NTSC)","1","7.41","7.41","50%","3.70","3.70","0.00","0.00","3.70","3.70"
"Amazon UK Retail","15/12/2014","270832","885444255731","280428","Vietnam A Land of Surprises (NTSC)","1","7.41","7.41","50%","3.70","3.70","0.00","0.00","3.70","3.70"
"Amazon UK Retail","15/12/2014","271134","885444255748","280429","Passport to Adventure: Exploring Rural China and the Great Wall (NTSC)","1","7.41","7.41","50%","3.70","3.70","0.00","0.00","3.70","3.70"
"Amazon UK Retail","16/12/2014","267946","885444256226","280477","Lithuania the Country Film[NON-US FORMAT, PAL]","1","7.41","7.41","50%","3.70","3.70","0.00","0.00","3.70","3.70"
"Amazon UK Retail","14/12/2014","267946","885444256226","280477","Lithuania the Country Film[NON-US FORMAT, PAL]","1","7.41","7.41","50%","3.70","3.70","0.00","0.00","3.70","3.70"
"Amazon UK Retail","02/12/2014","271140","885444256523","280507","Passport to Adventure: Undiscovered Nepal (NTSC)","1","7.41","7.41","50%","3.70","3.70","0.00","0.00","3.70","3.70"
"Amazon UK Retail","08/12/2014","271542","885444256714","280526","Passport to Adventure Discovering the ""Sud Tirol,"" Italy (NTSC)","1","7.41","7.41","50%","3.70","3.70","0.00","0.00","3.70","3.70"
"Amazon UK Retail","06/12/2014","","885444277771","282322","World Destinations Seychelles","1","11.99","11.99","50%","5.99","5.99","0.00","0.00","5.99","5.99"
"Amazon UK Retail","16/12/2014","PEGDVD1274","885444455001","291605","Model Railways: An Enthusaist's Guide","1","11.99","11.99","50%","5.99","5.99","0.00","0.00","5.99","5.99"
"Amazon UK Retail","23/12/2014","PEGPDVD1187","885444455353","291640","Fishing with the Experts For Carp with Des Taylor[NON-US FORMAT, PAL]","1","11.99","11.99","50%","5.99","5.99","0.00","0.00","5.99","5.99"
"Amazon UK Retail","04/12/2014","PEGPDVD1196","885444455438","291648","Narrowboats Working on the Canals[NON-US FORMAT, PAL]","1","11.99","11.99","50%","5.99","5.99","0.00","0.00","5.99","5.99"
"Amazon UK Retail","12/12/2014","PEGPDVD1202","885444455490","291654","Fishing for Beginners Course Fishing[NON-US FORMAT, PAL]","1","11.99","11.99","50%","5.99","5.99","0.00","0.00","5.99","5.99"
"Amazon UK Retail","02/12/2014","PEGPDVD1207","885444455544","291659","Clay Shooting for the Intermediate Pegasus Entertainment[NON-US FORMAT, PAL]","1","11.99","11.99","50%","5.99","5.99","0.00","0.00","5.99","5.99"
"Amazon UK Retail","14/12/2014","PEGPDVD1317","885444455759","291680","Riot Police[NON-US FORMAT, PAL]","1","11.99","11.99","50%","5.99","5.99","0.00","0.00","5.99","5.99"
"Amazon UK Retail","09/12/2014","PEGPDVD1317","885444455759","291680","Riot Police[NON-US FORMAT, PAL]","1","11.99","11.99","50%","5.99","5.99","0.00","0.00","5.99","5.99"
"Amazon UK Retail","05/12/2014","PEGPDVD1355","885444455827","291687","Vietnam: Destruction from Above[NON-US FORMAT, PAL]","1","11.99","11.99","50%","5.99","5.99","0.00","0.00","5.99","5.99"
"Amazon UK Retail","10/12/2014","PEGPDVD1369","885444455865","291691","Warfile: Nazi Concentration Camp[NON-US FORMAT, PAL]","1","11.99","11.99","50%","5.99","5.99","0.00","0.00","5.99","5.99"
"Amazon UK Retail","13/12/2014","CFTCDVDWINGS","091009990980","304155","Wings Over Grand Canyon","1","14.99","14.99","50%","7.49","7.49","0.00","0.00","7.49","7.49"
"Amazon UK Retail","08/12/2014","PPEDVD109","886470105106","306676","Bump-The Ultimate Gay Travel Companion Los Angeles","1","8.99","8.99","50%","4.49","4.49","0.00","0.00","4.49","4.49"
"Amazon UK Retail","21/12/2014","BOEDVD114","886470114054","307375","Backroads of Europe Thuringen Germany","1","8.99","8.99","50%","4.49","4.49","0.00","0.00","4.49","4.49"
"Amazon UK Retail","18/12/2014","BOEDVD115","886470114061","307376","Back Roads of Europe LIMOUSIN FRANCE","1","8.99","8.99","50%","4.49","4.49","0.00","0.00","4.49","4.49"
"Amazon UK Retail","23/12/2014","TOP-DVD-106","887936707742","385886","Top Destinations OPATIJA","1","9.72","9.72","70%","5.80","5.80","0.00","0.00","5.80","5.80"
"Amazon UK Retail","30/12/2014","TOP-DVD-107","887936707797","385897","Top Destinations RIJEKA","1","9.72","9.72","70%","5.80","5.80","0.00","0.00","5.80","5.80"
"Amazon UK Retail","28/12/2014","TOP-DVD-138","887936708015","385914","Top Destinations VIS","1","9.72","9.72","70%","5.80","5.80","0.00","0.00","5.80","5.80"
"Amazon UK Retail","21/12/2014","11_20","883629307497","236911","On Tour...  CANADIAN ROCKIES Highway Across Paradise","1","11.99","11.99","50%","5.99","5.99","0.00","0.00","5.99","5.99"
"Amazon UK Retail","14/12/2014","11_20","883629307312","236929","On Tour...  MEKONG DELTA VIETNAM Exotic Asian Waterworld","1","11.99","11.99","50%","5.99","5.99","0.00","0.00","5.99","5.99"
"Amazon UK Retail","21/12/2014","11_20","883629307763","236941","On Tour...  STRADA DELLE DOLOMITI The Majesty Of The Dolomites","1","11.99","11.99","50%","5.99","5.99","0.00","0.00","5.99","5.99"
"Amazon UK Retail","19/12/2014","BNTDVDFTF02","883629303710","236992","The Keighley & Worth Valley Railway From The Footplate","1","9.99","9.99","50%","4.99","4.99","0.00","0.00","4.99","4.99"
"Amazon UK Retail","17/12/2014","9_24","883629309286","237089","Vista Point  NEW YORK","1","11.99","11.99","50%","5.99","5.99","0.00","0.00","5.99","5.99"
"Amazon UK Retail","14/12/2014","BSPDVD312","883629308647","237153","Weekend Explorer  Borneo, Malaysia","1","8.99","8.99","50%","4.49","4.49","0.00","0.00","4.49","4.49"
"Amazon UK Retail","20/12/2014","","883629315690","239545","Tsunami","1","8.99","8.99","50%","4.49","4.49","0.00","0.00","4.49","4.49"
"Amazon UK Retail","12/12/2014","","883629316017","239577","Nepal","1","8.99","8.99","50%","4.49","4.49","0.00","0.00","4.49","4.49"
"Amazon UK Retail","15/12/2014","","883629316192","239595","Inside Iraq The Untold Stories","1","11.99","11.99","50%","5.99","5.99","0.00","0.00","5.99","5.99"
"Amazon UK Retail","01/12/2014","","883629316260","239602","Explore San Francisco 2nd Edition","1","11.99","11.99","50%","5.99","5.99","0.00","0.00","5.99","5.99"
"Amazon UK Retail","17/12/2014","GRDVD15613","883629488677","244894","GlobeRiders Iceland Adventure A Motorcycle Tour of Iceland","1","11.99","11.99","50%","5.99","5.99","0.00","0.00","5.99","5.99"
"Amazon UK Retail","15/12/2014","GRDVD15613","883629488677","244894","GlobeRiders Iceland Adventure A Motorcycle Tour of Iceland","1","11.99","11.99","50%","5.99","5.99","0.00","0.00","5.99","5.99"
"Amazon UK Retail","16/12/2014","GRKDVDBEL","883629488745","244901","Dive Travel  Belize Home of the Famous Blue Hole","1","11.99","11.99","50%","5.99","5.99","0.00","0.00","5.99","5.99"
"Amazon UK Retail","14/12/2014","7956","883629488936","244920","Prague (Praha) The Mother of Cities [PAL]","1","14.99","14.99","50%","7.49","7.49","0.00","0.00","7.49","7.49"
"Amazon UK Retail","05/12/2014","","883629830056","260445","Iceland's Favourite Places  Reykjavik & The Golden Circle (PAL)","1","11.99","11.99","50%","5.99","5.99","0.00","0.00","5.99","5.99"
"Amazon UK Retail","05/12/2014","","883629830056","260445","Iceland's Favourite Places  Reykjavik & The Golden Circle (PAL)","1","11.99","11.99","50%","5.99","5.99","0.00","0.00","5.99","5.99"
"Amazon UK Retail","19/12/2014","","883629830056","260445","Iceland's Favourite Places  Reykjavik & The Golden Circle (PAL)","1","11.99","11.99","50%","5.99","5.99","0.00","0.00","5.99","5.99"
"Amazon UK Retail","11/12/2014","","883629830049","260446","Iceland's Favourite Places  Akureyri & The Magical North (PAL)","1","11.99","11.99","50%","5.99","5.99","0.00","0.00","5.99","5.99"
"Amazon UK Retail","28/12/2014","","883629833002","261156","Iceland's Favourite Places","1","14.99","14.99","50%","7.49","7.49","0.00","0.00","7.49","7.49"
"Amazon UK Retail","08/12/2014","221184","883629953847","266093","English Cottage and Country Gardens (NTSC)","1","7.41","7.41","50%","3.70","3.70","0.00","0.00","3.70","3.70"
"Amazon UK Retail","21/12/2014","221184","883629953847","266093","English Cottage and Country Gardens (NTSC)","1","7.41","7.41","50%","3.70","3.70","0.00","0.00","3.70","3.70"
"Amazon UK Retail","17/12/2014","221184","883629953847","266093","English Cottage and Country Gardens (NTSC)","1","7.41","7.41","50%","3.70","3.70","0.00","0.00","3.70","3.70"
"Amazon UK Retail","04/12/2014","221184","883629953847","266093","English Cottage and Country Gardens (NTSC)","1","7.41","7.41","50%","3.70","3.70","0.00","0.00","3.70","3.70"
"Amazon UK Retail","01/12/2014","221184","883629953847","266093","English Cottage and Country Gardens (NTSC)","1","7.41","7.41","50%","3.70","3.70","0.00","0.00","3.70","3.70"
"Amazon UK Retail","14/12/2014","221184","883629953847","266093","English Cottage and Country Gardens (NTSC)","1","7.41","7.41","50%","3.70","3.70","0.00","0.00","3.70","3.70"
"Amazon UK Retail","18/12/2014","221184","883629953847","266093","English Cottage and Country Gardens (NTSC)","1","7.41","7.41","50%","3.70","3.70","0.00","0.00","3.70","3.70"
"Amazon UK Retail","20/12/2014","221184","883629953847","266093","English Cottage and Country Gardens (NTSC)","1","7.41","7.41","50%","3.70","3.70","0.00","0.00","3.70","3.70"
"Amazon UK Retail","03/12/2014","221184","883629953847","266093","English Cottage and Country Gardens (NTSC)","1","7.41","7.41","50%","3.70","3.70","0.00","0.00","3.70","3.70"
"Amazon UK Retail","09/12/2014","221184","883629953847","266093","English Cottage and Country Gardens (NTSC)","1","7.41","7.41","50%","3.70","3.70","0.00","0.00","3.70","3.70"
"Amazon UK Retail","05/12/2014","221184","883629953847","266093","English Cottage and Country Gardens (NTSC)","2","7.41","14.82","50%","3.70","7.40","0.00","0.00","3.70","7.40"
"Amazon UK Retail","01/12/2014","221184","883629953847","266093","English Cottage and Country Gardens (NTSC)","1","7.41","7.41","50%","3.70","3.70","0.00","0.00","3.70","3.70"
"Amazon UK Retail","12/12/2014","221184","883629953847","266093","English Cottage and Country Gardens (NTSC)","1","7.41","7.41","50%","3.70","3.70","0.00","0.00","3.70","3.70"
"Amazon UK Retail","13/12/2014","221184","883629953847","266093","English Cottage and Country Gardens (NTSC)","1","7.41","7.41","50%","3.70","3.70","0.00","0.00","3.70","3.70"
"Amazon UK Retail","21/12/2014","221358","883629953892","266098","The Great Gardens of England (NTSC)","1","7.41","7.41","50%","3.70","3.70","0.00","0.00","3.70","3.70"
"Amazon UK Retail","05/12/2014","221358","883629953892","266098","The Great Gardens of England (NTSC)","1","7.41","7.41","50%","3.70","3.70","0.00","0.00","3.70","3.70"
"Amazon UK Retail","09/12/2014","221358","883629953892","266098","The Great Gardens of England (NTSC)","1","7.41","7.41","50%","3.70","3.70","0.00","0.00","3.70","3.70"
"Amazon UK Retail","11/12/2014","221484","883629953922","266101","Slovenia and Croatia (NTSC)","1","7.41","7.41","50%","3.70","3.70","0.00","0.00","3.70","3.70"
"Amazon UK Retail","08/12/2014","221348","883629953939","266102","Take A Tour Of... Las Vegas (NTSC)","1","7.41","7.41","50%","3.70","3.70","0.00","0.00","3.70","3.70"
"Amazon UK Retail","28/12/2014","221302","883629953977","266106","Machu Picchu and the Sacred Valley (NTSC)","1","7.41","7.41","50%","3.70","3.70","0.00","0.00","3.70","3.70"
"Amazon UK Retail","06/12/2014","221285","883629953984","266107","Europe's Wild Gem Iceland -- It's so much more than ice! (NTSC)","1","7.41","7.41","50%","3.70","3.70","0.00","0.00","3.70","3.70"
"Amazon UK Retail","21/12/2014","236437","883629954004","266109","Exploring French Wine Regions (NTSC)","1","7.41","7.41","50%","3.70","3.70","0.00","0.00","3.70","3.70"
"Amazon UK Retail","26/12/2014","214895","883629954028","266111","Panorama Singapore (NTSC)","1","7.41","7.41","50%","3.70","3.70","0.00","0.00","3.70","3.70"
"Amazon UK Retail","18/12/2014","236955","883629954097","266118","Silk Road Journey From China Through Central Asia (NTSC)","1","7.41","7.41","50%","3.70","3.70","0.00","0.00","3.70","3.70"
"Amazon UK Retail","09/12/2014","237004","883629954103","266119","Undiscovered Wales (NTSC)","1","7.41","7.41","50%","3.70","3.70","0.00","0.00","3.70","3.70"
"Amazon UK Retail","22/12/2014","237041","883629954189","266127","Vista Point  DUBAI United Arab Emirates (NTSC)","1","7.41","7.41","50%","3.70","3.70","0.00","0.00","3.70","3.70"
"Amazon UK Retail","20/12/2014","237041","883629954189","266127","Vista Point  DUBAI United Arab Emirates (NTSC)","1","7.41","7.41","50%","3.70","3.70","0.00","0.00","3.70","3.70"
"Amazon UK Retail","14/12/2014","221248","883629954196","266128","Growing Good Roses (NTSC)","1","7.41","7.41","50%","3.70","3.70","0.00","0.00","3.70","3.70"
"Amazon UK Retail","26/12/2014","236335","883629954264","266135","Bavaria and the Black Forest (NTSC)","1","7.41","7.41","50%","3.70","3.70","0.00","0.00","3.70","3.70"
"Amazon UK Retail","02/12/2014","236335","883629954264","266135","Bavaria and the Black Forest (NTSC)","2","7.41","14.82","50%","3.70","7.40","0.00","0.00","3.70","7.40"
"Amazon UK Retail","15/12/2014","236335","883629954264","266135","Bavaria and the Black Forest (NTSC)","1","7.41","7.41","50%","3.70","3.70","0.00","0.00","3.70","3.70"
"Amazon UK Retail","19/12/2014","236335","883629954264","266135","Bavaria and the Black Forest (NTSC)","1","7.41","7.41","50%","3.70","3.70","0.00","0.00","3.70","3.70"
"Amazon UK Retail","07/12/2014","221343","883629954356","266144","South African Safari (NTSC)","1","7.41","7.41","50%","3.70","3.70","0.00","0.00","3.70","3.70"
"Amazon UK Retail","05/12/2014","221343","883629954356","266144","South African Safari (NTSC)","1","7.41","7.41","50%","3.70","3.70","0.00","0.00","3.70","3.70"
"Amazon UK Retail","02/12/2014","221343","883629954356","266144","South African Safari (NTSC)","1","7.41","7.41","50%","3.70","3.70","0.00","0.00","3.70","3.70"
"Amazon UK Retail","05/12/2014","221343","883629954356","266144","South African Safari (NTSC)","1","7.41","7.41","50%","3.70","3.70","0.00","0.00","3.70","3.70"
"Amazon UK Retail","13/12/2014","221343","883629954356","266144","South African Safari (NTSC)","1","7.41","7.41","50%","3.70","3.70","0.00","0.00","3.70","3.70"
"Amazon UK Retail","01/12/2014","237019","883629954486","266157","Vista Point  BARCELONA Spain (NTSC)","1","7.41","7.41","50%","3.70","3.70","0.00","0.00","3.70","3.70"
"Amazon UK Retail","15/12/2014","237019","883629954486","266157","Vista Point  BARCELONA Spain (NTSC)","1","7.41","7.41","50%","3.70","3.70","0.00","0.00","3.70","3.70"
"Amazon UK Retail","18/12/2014","221160","883629954561","266165","Bermuda (NTSC)","1","7.41","7.41","50%","3.70","3.70","0.00","0.00","3.70","3.70"
"Amazon UK Retail","22/12/2014","236300","883629954684","266177","7 Days  PERU (NTSC)","1","7.41","7.41","50%","3.70","3.70","0.00","0.00","3.70","3.70"
"Amazon UK Retail","17/12/2014","236812","883629954868","266195","Nature Parks  SERENGETI & NGORONGORO Tanzania (NTSC)","1","7.41","7.41","50%","3.70","3.70","0.00","0.00","3.70","3.70"
"Amazon UK Retail","06/12/2014","236812","883629954868","266195","Nature Parks  SERENGETI & NGORONGORO Tanzania (NTSC)","2","7.41","14.82","50%","3.70","7.40","0.00","0.00","3.70","7.40"
"Amazon UK Retail","01/12/2014","236812","883629954868","266195","Nature Parks  SERENGETI & NGORONGORO Tanzania (NTSC)","1","7.41","7.41","50%","3.70","3.70","0.00","0.00","3.70","3.70"
"Amazon UK Retail","10/12/2014","236812","883629954868","266195","Nature Parks  SERENGETI & NGORONGORO Tanzania (NTSC)","1","7.41","7.41","50%","3.70","3.70","0.00","0.00","3.70","3.70"
"Amazon UK Retail","14/12/2014","236812","883629954868","266195","Nature Parks  SERENGETI & NGORONGORO Tanzania (NTSC)","1","7.41","7.41","50%","3.70","3.70","0.00","0.00","3.70","3.70"
"Amazon UK Retail","08/12/2014","236812","883629954868","266195","Nature Parks  SERENGETI & NGORONGORO Tanzania (NTSC)","1","7.41","7.41","50%","3.70","3.70","0.00","0.00","3.70","3.70"
"Amazon UK Retail","16/12/2014","236812","883629954868","266195","Nature Parks  SERENGETI & NGORONGORO Tanzania (NTSC)","1","7.41","7.41","50%","3.70","3.70","0.00","0.00","3.70","3.70"
"Amazon UK Retail","04/12/2014","221300","883629954905","266199","Lisbon, Portugal (NTSC)","1","7.41","7.41","50%","3.70","3.70","0.00","0.00","3.70","3.70"
"Amazon UK Retail","07/12/2014","221300","883629954905","266199","Lisbon, Portugal (NTSC)","1","7.41","7.41","50%","3.70","3.70","0.00","0.00","3.70","3.70"
"Amazon UK Retail","30/12/2014","236296","883629954950","266204","7 Days  NEPAL (NTSC)","1","7.41","7.41","50%","3.70","3.70","0.00","0.00","3.70","3.70"
"Amazon UK Retail","22/12/2014","236490","883629955148","266223","Global Treasures  ANGKOR WAT Cambodia (NTSC)","1","7.41","7.41","50%","3.70","3.70","0.00","0.00","3.70","3.70"
"Amazon UK Retail","18/12/2014","236490","883629955148","266223","Global Treasures  ANGKOR WAT Cambodia (NTSC)","1","7.41","7.41","50%","3.70","3.70","0.00","0.00","3.70","3.70"
"Amazon UK Retail","27/12/2014","236291","883629955179","266226","7 Days  MALTA (NTSC)","1","7.41","7.41","50%","3.70","3.70","0.00","0.00","3.70","3.70"
"Amazon UK Retail","21/12/2014","236291","883629955179","266226","7 Days  MALTA (NTSC)","1","7.41","7.41","50%","3.70","3.70","0.00","0.00","3.70","3.70"
"Amazon UK Retail","17/12/2014","236291","883629955179","266226","7 Days  MALTA (NTSC)","1","7.41","7.41","50%","3.70","3.70","0.00","0.00","3.70","3.70"
"Amazon UK Retail","12/12/2014","236291","883629955179","266226","7 Days  MALTA (NTSC)","1","7.41","7.41","50%","3.70","3.70","0.00","0.00","3.70","3.70"
"Amazon UK Retail","08/12/2014","228845","883629955223","266231","A Doug Jones Travelog The Great Canadian Train Ride (NTSC)","1","7.41","7.41","50%","3.70","3.70","0.00","0.00","3.70","3.70"
"Amazon UK Retail","20/12/2014","228845","883629955223","266231","A Doug Jones Travelog The Great Canadian Train Ride (NTSC)","1","7.41","7.41","50%","3.70","3.70","0.00","0.00","3.70","3.70"
"Amazon UK Retail","04/12/2014","228845","883629955223","266231","A Doug Jones Travelog The Great Canadian Train Ride (NTSC)","1","7.41","7.41","50%","3.70","3.70","0.00","0.00","3.70","3.70"
"Amazon UK Retail","06/12/2014","228845","883629955223","266231","A Doug Jones Travelog The Great Canadian Train Ride (NTSC)","1","7.41","7.41","50%","3.70","3.70","0.00","0.00","3.70","3.70"
"Amazon UK Retail","10/12/2014","236738","883629955391","266248","Images of Umbria (NTSC)","1","7.41","7.41","50%","3.70","3.70","0.00","0.00","3.70","3.70"
"Amazon UK Retail","15/12/2014","237076","883629955551","266264","Vista Point  MADRID Spain (NTSC)","1","7.41","7.41","50%","3.70","3.70","0.00","0.00","3.70","3.70"
"Amazon UK Retail","07/12/2014","214889","883629955575","266266","Perth Australia's Golden City (NTSC)","1","7.41","7.41","50%","3.70","3.70","0.00","0.00","3.70","3.70"
"Amazon UK Retail","18/12/2014","236639","883629955629","266271","Global Treasures  Peterhof Russia (NTSC)","1","7.41","7.41","50%","3.70","3.70","0.00","0.00","3.70","3.70"
"Amazon UK Retail","02/12/2014","236340","883629955841","266293","Britain's Gentle Highway ... a canal adventure in England, Scotland and Wales (NTSC)","2","7.41","14.82","50%","3.70","7.40","0.00","0.00","3.70","7.40"
"Amazon UK Retail","08/12/2014","236340","883629955841","266293","Britain's Gentle Highway ... a canal adventure in England, Scotland and Wales (NTSC)","1","7.41","7.41","50%","3.70","3.70","0.00","0.00","3.70","3.70"
"Amazon UK Retail","13/12/2014","236340","883629955841","266293","Britain's Gentle Highway ... a canal adventure in England, Scotland and Wales (NTSC)","1","7.41","7.41","50%","3.70","3.70","0.00","0.00","3.70","3.70"
"Amazon UK Retail","20/12/2014","236340","883629955841","266293","Britain's Gentle Highway ... a canal adventure in England, Scotland and Wales (NTSC)","1","7.41","7.41","50%","3.70","3.70","0.00","0.00","3.70","3.70"
"Amazon UK Retail","01/12/2014","221388","883629955957","266304","Weekend Explorer  Kanab, Utah Zion, Bryce, and Grand Canyon National Parks (NTSC)","1","7.41","7.41","50%","3.70","3.70","0.00","0.00","3.70","3.70"
"Amazon UK Retail","12/12/2014","214886","883629956091","266318","Sydney Australia's Olympic City (NTSC)","1","7.41","7.41","50%","3.70","3.70","0.00","0.00","3.70","3.70"
"Amazon UK Retail","06/12/2014","236371","883629956145","266323","Cosmos Global Documentaries  MEKONG The Three Ancient Kingdoms Of Cambodia, Thailand & Vietnam (NTSC","1","7.41","7.41","50%","3.70","3.70","0.00","0.00","3.70","3.70"
"Amazon UK Retail","15/12/2014","239560","883629956152","266324","Italy Sicily-South Taormina-Syracusa-Agrigento-Enna-Etna (NTSC)","1","7.41","7.41","50%","3.70","3.70","0.00","0.00","3.70","3.70"
"Amazon UK Retail","20/12/2014","214906","883629956183","266327","Western Australia (NTSC)","1","7.41","7.41","50%","3.70","3.70","0.00","0.00","3.70","3.70"
"Amazon UK Retail","22/12/2014","236312","883629956374","266346","7 Days  THAILAND (NTSC)","1","7.41","7.41","50%","3.70","3.70","0.00","0.00","3.70","3.70"
"Amazon UK Retail","07/12/2014","236385","883629956398","266348","Cosmos Global Documentaries  SICILY -Treasure Trove Of History (NTSC)","1","7.41","7.41","50%","3.70","3.70","0.00","0.00","3.70","3.70"
"Amazon UK Retail","07/12/2014","236385","883629956398","266348","Cosmos Global Documentaries  SICILY -Treasure Trove Of History (NTSC)","1","7.41","7.41","50%","3.70","3.70","0.00","0.00","3.70","3.70"
"Amazon UK Retail","22/12/2014","237117","883629956459","266354","Vista Point  SINGAPORE (NTSC)","1","7.41","7.41","50%","3.70","3.70","0.00","0.00","3.70","3.70"
"Amazon UK Retail","10/12/2014","236790","883629956510","266360","Nature Parks  HAWAI'I VOLCANOES PARK (NTSC)","1","7.41","7.41","50%","3.70","3.70","0.00","0.00","3.70","3.70"
"Amazon UK Retail","30/12/2014","244921","883629956534","266362","Roma The Eternal City (NTSC)","1","7.41","7.41","50%","3.70","3.70","0.00","0.00","3.70","3.70"
"Amazon UK Retail","28/12/2014","236398","883629956640","266373","Cosmos Global Documentaries The 3 PEARLS OF ANDALUCIA CÃ³rdoba, Granada, Sevilla (NTSC)","1","7.41","7.41","50%","3.70","3.70","0.00","0.00","3.70","3.70"
"Amazon UK Retail","18/12/2014","221169","883629956749","266383","A Doug Jones Travelog  Cruising The Orient On The QE2 (NTSC)","1","7.41","7.41","50%","3.70","3.70","0.00","0.00","3.70","3.70"
"Amazon UK Retail","01/12/2014","221169","883629956749","266383","A Doug Jones Travelog  Cruising The Orient On The QE2 (NTSC)","1","7.41","7.41","50%","3.70","3.70","0.00","0.00","3.70","3.70"
"Amazon UK Retail","10/12/2014","221169","883629956749","266383","A Doug Jones Travelog  Cruising The Orient On The QE2 (NTSC)","1","7.41","7.41","50%","3.70","3.70","0.00","0.00","3.70","3.70"
"Amazon UK Retail","14/12/2014","221409","883629956770","266386","Western Canada Far & Wild (NTSC)","1","7.41","7.41","50%","3.70","3.70","0.00","0.00","3.70","3.70"
"Amazon UK Retail","12/12/2014","236443","883629956794","266388","EXTRAVAGANZA  PALACE ON WHEELS Five Star Train Journey In Wonderland (NTSC)","1","7.41","7.41","50%","3.70","3.70","0.00","0.00","3.70","3.70"
"Amazon UK Retail","18/12/2014","236780","883629956879","266396","Nature Parks  CANADIAN ROCKY MOUNTAINS Canada (NTSC)","1","7.41","7.41","50%","3.70","3.70","0.00","0.00","3.70","3.70"
"Amazon UK Retail","20/12/2014","221186","883629956954","266404","Europe If By Road - Your guide to Camping and Motorhome Vacations in Europe (NTSC)","1","7.41","7.41","50%","3.70","3.70","0.00","0.00","3.70","3.70"
"Amazon UK Retail","09/12/2014","221186","883629956954","266404","Europe If By Road - Your guide to Camping and Motorhome Vacations in Europe (NTSC)","1","7.41","7.41","50%","3.70","3.70","0.00","0.00","3.70","3.70"
"Amazon UK Retail","01/12/2014","236261","883629956992","266408","7 Days  Bahamas (NTSC)","1","7.41","7.41","50%","3.70","3.70","0.00","0.00","3.70","3.70"
"Amazon UK Retail","21/12/2014","","883629735399","270832","Vietnam A Land of Surprises","1","11.99","11.99","50%","5.99","5.99","0.00","0.00","5.99","5.99"
"Amazon UK Retail","18/12/2014","","883629735399","270832","Vietnam A Land of Surprises","1","11.99","11.99","50%","5.99","5.99","0.00","0.00","5.99","5.99"
"Amazon UK Retail","21/12/2014","PTADVD102","883629747316","271134","Passport to Adventure: Exploring Rural China and the Great Wall","1","8.99","8.99","50%","4.49","4.49","0.00","0.00","4.49","4.49"
"Amazon UK Retail","16/12/2014","PTADVD109","883629747361","271139","Passport to Adventure: Exploring Rugged Northern Corsica France","1","8.99","8.99","50%","4.49","4.49","0.00","0.00","4.49","4.49"
"Amazon UK Retail","02/12/2014","PTADVD114","883629747392","271142","Passport to Adventure: A Journey Down the Yangtze River China","1","8.99","8.99","50%","4.49","4.49","0.00","0.00","4.49","4.49"
"Amazon UK Retail","16/12/2014","PTADVD118","883629747422","271145","Passport to Adventure: Magical Southern Corsica France","1","8.99","8.99","50%","4.49","4.49","0.00","0.00","4.49","4.49"
"Amazon UK Retail","26/12/2014","PTADVD207","883629747569","271159","Passport to Adventure: The Jungles and Rivers of Costa Rica","1","8.99","8.99","50%","4.49","4.49","0.00","0.00","4.49","4.49"
"Amazon UK Retail","15/12/2014","","883629749068","271540","Passport to Adventure The Pyrenees Mountains Spain and France","1","8.99","8.99","50%","4.49","4.49","0.00","0.00","4.49","4.49"
"Amazon UK Retail","28/12/2014","MHKDVD101","883629752662","271657","The Magic of Hong Kong","1","11.99","11.99","50%","5.99","5.99","0.00","0.00","5.99","5.99"
"Amazon UK Retail","21/12/2014","COWS-DVD-103","885444065521","274153","Cities of the World  Bali Indonesia","1","11.99","11.99","50%","5.99","5.99","0.00","0.00","5.99","5.99"
"Amazon UK Retail","13/12/2014","COWS-DVD-113","885444065620","274163","Cities of the World  Corfu Greece","1","11.99","11.99","50%","5.99","5.99","0.00","0.00","5.99","5.99"
"Amazon UK Retail","17/12/2014","COWS-DVD-114","885444065637","274164","Cities of the World  Corsica France","1","11.99","11.99","50%","5.99","5.99","0.00","0.00","5.99","5.99"
"Amazon UK Retail","10/12/2014","COWS-DVD-117","885444065668","274167","Cities of the World  Crete Greece","1","11.99","11.99","50%","5.99","5.99","0.00","0.00","5.99","5.99"
"Amazon UK Retail","06/12/2014","COWS-DVD-122","885444065712","274172","Cities of the World  Dubai United Arab Emirates","1","11.99","11.99","50%","5.99","5.99","0.00","0.00","5.99","5.99"
"Amazon UK Retail","22/12/2014","COWS-DVD-141","885444065903","274191","Cities of the World  Krakow Poland","1","11.99","11.99","50%","5.99","5.99","0.00","0.00","5.99","5.99"
"Amazon UK Retail","08/12/2014","COWS-DVD-144","885444065934","274194","Cities of the World  Madeira Portugal","1","11.99","11.99","50%","5.99","5.99","0.00","0.00","5.99","5.99"
"Amazon UK Retail","10/12/2014","COWS-DVD-146","885444065958","274196","Cities of the World  Malta","1","11.99","11.99","50%","5.99","5.99","0.00","0.00","5.99","5.99"
"Amazon UK Retail","12/12/2014","COWS-DVD-146","885444065958","274196","Cities of the World  Malta","1","11.99","11.99","50%","5.99","5.99","0.00","0.00","5.99","5.99"
"Amazon UK Retail","08/12/2014","COWS-DVD-152","885444066016","274202","Cities of the World  New York USA","1","11.99","11.99","50%","5.99","5.99","0.00","0.00","5.99","5.99"
"Amazon UK Retail","18/12/2014","COWS-DVD-152","885444066016","274202","Cities of the World  New York USA","1","11.99","11.99","50%","5.99","5.99","0.00","0.00","5.99","5.99"
"Amazon UK Retail","26/12/2014","COWS-DVD-154","885444066030","274204","Cities of the World  Peru","1","11.99","11.99","50%","5.99","5.99","0.00","0.00","5.99","5.99"
"Amazon UK Retail","26/12/2014","TIDVD104","885444066399","274240","Travelview International  Barbados","1","8.99","8.99","50%","4.49","4.49","0.00","0.00","4.49","4.49"
"Amazon UK Retail","03/12/2014","TIDVD104","885444066399","274240","Travelview International  Barbados","1","8.99","8.99","50%","4.49","4.49","0.00","0.00","4.49","4.49"
"Amazon UK Retail","18/12/2014","TIDVD105","885444066405","274241","Travelview International  Cancun Mexico","1","8.99","8.99","50%","4.49","4.49","0.00","0.00","4.49","4.49"
"Amazon UK Retail","03/12/2014","TIDVD111","885444066467","274247","Travelview International  Indonesia","1","8.99","8.99","50%","4.49","4.49","0.00","0.00","4.49","4.49"
"Amazon UK Retail","19/12/2014","WADVD112","885444066726","274273","The World Atlas  Danube Europe","1","11.99","11.99","50%","5.99","5.99","0.00","0.00","5.99","5.99"
"Amazon UK Retail","16/12/2014","WADVD140","885444067006","274301","The World Atlas  WORLD: HUMAN GEOGRAPHY","1","11.99","11.99","50%","5.99","5.99","0.00","0.00","5.99","5.99"
"Amazon UK Retail","18/12/2014","WADVD140","885444067006","274301","The World Atlas  WORLD: HUMAN GEOGRAPHY","1","11.99","11.99","50%","5.99","5.99","0.00","0.00","5.99","5.99"
"Amazon UK Retail","16/12/2014","","885444302633","283811","East Sussex Medieval Towns and Villages Churches[NON-US FORMAT, PAL]","1","11.99","11.99","50%","5.99","5.99","0.00","0.00","5.99","5.99"
"Amazon UK Retail","26/12/2014","","885444323522","284411","Culinary Travels Campania Italy","1","11.99","11.99","50%","5.99","5.99","0.00","0.00","5.99","5.99"
"Amazon UK Retail","17/12/2014","","885444323737","284432","Culinary Travels Bermuda-A British Isle","1","11.99","11.99","50%","5.99","5.99","0.00","0.00","5.99","5.99"
"Amazon UK Retail","21/12/2014","PISPDVD108","885444385452","287621","Corfu[NON-US FORMAT, PAL]","1","11.99","11.99","50%","5.99","5.99","0.00","0.00","5.99","5.99"
"Amazon UK Retail","15/12/2014","PISPDVD109","885444385469","287622","Crete[NON-US FORMAT, PAL]","1","11.99","11.99","50%","5.99","5.99","0.00","0.00","5.99","5.99"
"Amazon UK Retail","04/12/2014","PISPDVD124","885444385612","287637","The History of the City of Athens[NON-US FORMAT, PAL]","1","12.99","12.99","50%","6.49","6.49","0.00","0.00","6.49","6.49"
"Amazon UK Retail","13/12/2014","CGP-PDVD-MALTA","885444454691","291574","Malta by Microlight (PAL)","1","11.99","11.99","50%","5.99","5.99","0.00","0.00","5.99","5.99"
"Amazon UK Retail","04/12/2014","CC-DVD-108","886470354115","325468","New Frontiers Chinese Civilization The Light of Reason Ancient Schools","1","8.99","8.99","50%","4.49","4.49","0.00","0.00","4.49","4.49"
"Amazon UK Retail","30/12/2014","RYR-DVD-103","886470354160","325473","Rediscovering the Yangtze River The Dream of the Three Gorges","1","8.99","8.99","50%","4.49","4.49","0.00","0.00","4.49","4.49"
"Amazon UK Retail","19/12/2014","DTW-DVD-12","814618014942","340134","Discover the World Rio De Janeiro","1","8.99","8.99","50%","4.49","4.49","0.00","0.00","4.49","4.49"
"Amazon UK Retail","29/12/2014","DTW-DVD-24","814618015062","340152","Discover the World Tuscany","1","8.99","8.99","50%","4.49","4.49","0.00","0.00","4.49","4.49"
"Amazon UK Retail","27/12/2014","OEBDVD104","886470670383","344783","Outdoors with Eddie Brochin The Real deal Hunting for Whitetail Deer","1","8.99","8.99","50%","4.49","4.49","0.00","0.00","4.49","4.49"
"Amazon UK Retail","22/12/2014","OEBDVD104","886470670383","344783","Outdoors with Eddie Brochin The Real deal Hunting for Whitetail Deer","1","8.99","8.99","50%","4.49","4.49","0.00","0.00","4.49","4.49"
"Amazon UK Retail","06/12/2014","OEBDVD103","886470670437","344788","Outdoors with Eddie Brochin Wild Boar Bow Hunts for Wild Boar and Warthog","1","8.99","8.99","50%","4.49","4.49","0.00","0.00","4.49","4.49"
"Amazon UK Retail","08/12/2014","UOTVDVD1001","886470670468","344791","Ultimate Outdoors with Eddie Brochin The Old Way Falconry Hunting - Hunts for Pheasants and Rabbits","1","8.99","8.99","50%","4.49","4.49","0.00","0.00","4.49","4.49"
"Amazon UK Retail","20/12/2014","UOTVDVD1001","886470670468","344791","Ultimate Outdoors with Eddie Brochin The Old Way Falconry Hunting - Hunts for Pheasants and Rabbits","1","8.99","8.99","50%","4.49","4.49","0.00","0.00","4.49","4.49"
"","","","","","","279","","","","","1,309.18","","0.00","","1,309.18"
